<?xml version="1.0" encoding="UTF-8"?>
<!DOCTYPE mapper PUBLIC "-//mybatis.org//DTD Mapper 3.0//EN"
	"http://mybatis.org/dtd/mybatis-3-mapper.dtd">
	<mapper namespace="kr.co.burger.userDao.userMapper">
	
	<insert id="insertUser" parameterType="Userdate">
	
	insert into tb_user(id,password,Address,Phone_no,Name)
	 values(#{id},#{password},#{address},#{phone_no},#{name})
	
	</insert>
	
	 <delete id="deleteUser" parameterType="String" >
	 
	 delete from tb_user where id=#{id} 
	 
	 </delete>
	
	<update id="updateUser" parameterType="Userdate">
	
	update tb_user set password=#{password}, ADDRESS=#{address},
	 PHONE_NO=#{phone_no}, NAME=#{name} where id=#{id}  "
	
	</update>
	
	<select id="logIn" parameterType="Userdate" resultType="Userdate">
	select * from tb_user where id=#{id} and password=#{password}
	</select>

	</mapper>
	
	
	
	
	
	
	
	
	
	
	
	
	
	
	
	
	
	
	
	
	